method,capture,lift,brier,lift_sd,selected_cells
Hierarchical shrinkage,0.1513829951851086,3.0244006102636916,0.01150076293817036,0.49630545126724473,21.616666666666667
Parent cell,0.12641418074569186,2.5256036794937082,0.013905929599360883,0.597664565409448,21.116666666666667
Direct cell,0.1260211932375537,2.5176712825267225,0.05569345705292279,0.4129957871017608,24.475
