group,cells,damage_rate,median_support,median_boundary_excess
High certificate,0.225,0.7036436939541839,10.5,0.21047161022523195
Boundary,6.841666666666667,0.4997857109263596,4.0,0.07613806484017602
Unstable,19.933333333333334,0.35406097901388406,2.0,0.030124786046174808
