method,capture,lift,brier,lift_sd,selected_cells
Hierarchical shrinkage,0.14205632781366978,2.8372949298406334,0.011520693481851812,0.44258499880962604,22.9
Direct cell,0.12701643201988197,2.5370300701946777,0.05648258024109214,0.2884956578934844,25.5
Parent cell,0.11194464425208309,2.2358246792956655,0.013751889214717278,0.5168524541393473,21.8
