draws,boundary_cells,boundary_damage_rate,hierarchical_lift
100,7.4,0.4883353720907597,3.004709790473867
200,7.6,0.5452390155907744,3.0243272968423285
500,6.0,0.42438584014855196,2.877286872550389
1000,9.8,0.5366748279584643,3.338392131265727
