support_group,test_years,cells,units,damage_rate,mean_observed_cell_rate,mean_posterior_cell_rate,cover80,cover95,median_width80,median_width95
0--9,31,6117,11568,0.22449861687413555,0.24988867090526565,0.23629342326256234,0.9571685466732058,0.988719960765081,0.5,1.0
10--49,31,5976,31968,0.22838463463463463,0.26028704264773855,0.2533079503079565,0.9307228915662651,0.9804216867469879,0.4,0.6
50--199,31,2565,53309,0.1350991389821606,0.16890999407773322,0.1728785101121436,0.8927875243664717,0.9594541910331384,0.16666666666666669,0.2647058823529412
>=200,31,1388,176993,0.03328945212522529,0.0703017266012194,0.059226925608791774,0.8494236311239193,0.9495677233429395,0.038461538461538464,0.06451612903225806
