membership_bin,test_years,replicates,median_cells,mean_cell_reselection_rate,p05_cell_reselection_rate,mean_selected_cell_jaccard
"[0.95, 1.00]",31,930,36.0,0.993321865153504,0.9629629629629629,0.7601511315620757
"[0.50, 0.95)",31,930,50.0,0.7917352701990243,0.6782410225197808,0.7601511315620757
"[0.10, 0.50)",23,690,4.0,0.48078319426145505,0.0,0.7603591435598667
